observation_id,timestamp_local,timestamp_precision,location_reference,variable,value,unit,reference_type,quality,source_tier,source_url,notes
ZHB-2024-0404-RAIL,2024-04-04,date,railway_bridge,water_level,2.4,m,local_bridge_gauge,official_reported,official_local,https://www.gov.kz/memleket/entities/aqmola-atbasar/press/article/details/164339,"Reported by Atbasar flood headquarters; do not merge numerically with Kazhydromet hydropost datum unless datum equivalence is established."
ZHB-2024-0404-ROAD,2024-04-04,date,Almaty_Yekaterinburg_road_bridge,water_level,1.0,m,local_bridge_gauge,upper_bound,official_local,https://www.gov.kz/memleket/entities/aqmola-atbasar/press/article/details/164339,"Source states below 1 m; value stored as upper bound, not exact observation."
ZHB-2024-0405-RAIL,2024-04-05,date,railway_bridge,water_level,3.1,m,local_bridge_gauge,official_reported,official_local,https://www.gov.kz/memleket/entities/aqmola-atbasar/press/article/details/164487,"Reported by Atbasar flood headquarters."
ZHB-2024-0405-ROAD,2024-04-05,date,Almaty_Yekaterinburg_road_bridge,water_level,0.8,m,local_bridge_gauge,official_reported,official_local,https://www.gov.kz/memleket/entities/aqmola-atbasar/press/article/details/164487,"Reported by Atbasar flood headquarters."
ZHB-2024-0410,2024-04-10T22:53:00+05:00,publication_time,Atbasar_Zhabai_local_monitoring,water_level,4.5,m,local_operational_level,official_reported,official_emergency,https://www.gov.kz/memleket/entities/emer/press/news/details/746600?lang=ru,"Emergency service reported critical mark 4.45 m and current level 4.50 m. Treat time as report/publication time rather than guaranteed instrument timestamp."
ZHB-2024-0411,2024-04-11T04:43:00+05:00,event_time,Atbasar_Zhabai_local_monitoring,water_level,5.95,m,local_operational_level,official_reported,official_regional,https://www.gov.kz/memleket/entities/aqmola/press/news/details/747424?lang=ru,"At 04:43 overflow occurred at six sections of the earth embankment; report says level reached 5.95 m."
ZHB-2024-0413,2024-04-13T12:48:00+05:00,publication_time,Atbasar_Zhabai_local_monitoring,water_level,5.0,m,local_operational_level,official_content_mirrored,official_regional,https://www.gov.kz/memleket/entities/aqmola/press/news/details/749310?lang=ru,"Official Akmola content says level decreased from 5.5 m to 5.0 m."
ZHB-2024-0419,2024-04-19,date,Atbasar_Zhabai_local_monitoring,water_level,3.8,m,local_operational_level,official_reported,official_regional,https://www.gov.kz/memleket/entities/aqmola/press/news/details/752624?lang=ru,"Regional statement says level decreased to 3.80 m; also reports flood-event peak of 6.20 m."
ZHB-2024-0420,2024-04-20,date,Atbasar_Zhabai_local_monitoring,water_level,2.8,m,local_operational_level,official_content_mirrored,official_emergency,https://www.gov.kz/memleket/entities/emer/press/news/details/754865?lang=ru,"Emergency service content reports level down to 2.8 m."
